smiles,quantified_delivery
CN(C)CCN(CCC(=O)OCCCCCCOC(=O)CCN(C)CCCCCCCC)(CCC(=O)OCCCCCCOC(=O)CCN(C)CCCCCCCC),0
CN(C)CCN(CCC(=O)OCCCCCCOC(=O)CCN(C)CCCCCCCCCCCC)(CCC(=O)OCCCCCCOC(=O)CCN(C)CCCCCCCCCCCC),4
CN(C)CCN(CCC(=O)OCCCCCCOC(=O)CCN(C)CCCCCCCCCCCCCCCCCC)(CCC(=O)OCCCCCCOC(=O)CCN(C)CCCCCCCCCCCCCCCCCC),1
CN(C)CCN(CCC(=O)OCCCCCCOC(=O)CCN(CCCC)CCCC)(CCC(=O)OCCCCCCOC(=O)CCN(CCCC)CCCC),0
CN(C)CCN(CCC(=O)OCCCCCCOC(=O)CCN(CCCCCC)CCCCCC)(CCC(=O)OCCCCCCOC(=O)CCN(CCCCCC)CCCCCC),3
CN(C)CCN(CCC(=O)OCCCCCCOC(=O)CCN(CCCCCCCC)CCCCCCCC)(CCC(=O)OCCCCCCOC(=O)CCN(CCCCCCCC)CCCCCCCC),2
CN(C)CCN(CCC(=O)OCCCCCCOC(=O)CCN(CCCCCCCCCC)CCCCCCCCCC)(CCC(=O)OCCCCCCOC(=O)CCN(CCCCCCCCCC)CCCCCCCCCC),1
C1CN(C)CCN1CCCN(CCC(=O)OCCCCCCOC(=O)CCN(C)CCCCCCCC)(CCC(=O)OCCCCCCOC(=O)CCN(C)CCCCCCCC),0
C1CN(C)CCN1CCCN(CCC(=O)OCCCCCCOC(=O)CCN(C)CCCCCCCCCCCC)(CCC(=O)OCCCCCCOC(=O)CCN(C)CCCCCCCCCCCC),1
C1CN(C)CCN1CCCN(CCC(=O)OCCCCCCOC(=O)CCN(C)CCCCCCCCCCCCCCCCCC)(CCC(=O)OCCCCCCOC(=O)CCN(C)CCCCCCCCCCCCCCCCCC),0
C1CN(C)CCN1CCCN(CCC(=O)OCCCCCCOC(=O)CCN(CCCC)CCCC)(CCC(=O)OCCCCCCOC(=O)CCN(CCCC)CCCC),0
C1CN(C)CCN1CCCN(CCC(=O)OCCCCCCOC(=O)CCN(CCCCCC)CCCCCC)(CCC(=O)OCCCCCCOC(=O)CCN(CCCCCC)CCCCCC),0
C1CN(C)CCN1CCCN(CCC(=O)OCCCCCCOC(=O)CCN(CCCCCCCC)CCCCCCCC)(CCC(=O)OCCCCCCOC(=O)CCN(CCCCCCCC)CCCCCCCC),1
C1CN(C)CCN1CCCN(CCC(=O)OCCCCCCOC(=O)CCN(CCCCCCCCCC)CCCCCCCCCC)(CCC(=O)OCCCCCCOC(=O)CCN(CCCCCCCCCC)CCCCCCCCCC),1
C1CCCCN1CCN(CCC(=O)OCCCCCCOC(=O)CCN(C)CCCCCCCC)(CCC(=O)OCCCCCCOC(=O)CCN(C)CCCCCCCC),0
C1CCCCN1CCN(CCC(=O)OCCCCCCOC(=O)CCN(C)CCCCCCCCCCCC)(CCC(=O)OCCCCCCOC(=O)CCN(C)CCCCCCCCCCCC),0
C1CCCCN1CCN(CCC(=O)OCCCCCCOC(=O)CCN(C)CCCCCCCCCCCCCCCCCC)(CCC(=O)OCCCCCCOC(=O)CCN(C)CCCCCCCCCCCCCCCCCC),4
C1CCCCN1CCN(CCC(=O)OCCCCCCOC(=O)CCN(CCCC)CCCC)(CCC(=O)OCCCCCCOC(=O)CCN(CCCC)CCCC),0
C1CCCCN1CCN(CCC(=O)OCCCCCCOC(=O)CCN(CCCCCC)CCCCCC)(CCC(=O)OCCCCCCOC(=O)CCN(CCCCCC)CCCCCC),0
C1CCCCN1CCN(CCC(=O)OCCCCCCOC(=O)CCN(CCCCCCCC)CCCCCCCC)(CCC(=O)OCCCCCCOC(=O)CCN(CCCCCCCC)CCCCCCCC),3
C1CCCCN1CCN(CCC(=O)OCCCCCCOC(=O)CCN(CCCCCCCCCC)CCCCCCCCCC)(CCC(=O)OCCCCCCOC(=O)CCN(CCCCCCCCCC)CCCCCCCCCC),2
C1CCCN1CCN(CCC(=O)OCCCCCCOC(=O)CCN(C)CCCCCCCC)(CCC(=O)OCCCCCCOC(=O)CCN(C)CCCCCCCC),1
C1CCCN1CCN(CCC(=O)OCCCCCCOC(=O)CCN(C)CCCCCCCCCCCC)(CCC(=O)OCCCCCCOC(=O)CCN(C)CCCCCCCCCCCC),1
C1CCCN1CCN(CCC(=O)OCCCCCCOC(=O)CCN(C)CCCCCCCCCCCCCCCCCC)(CCC(=O)OCCCCCCOC(=O)CCN(C)CCCCCCCCCCCCCCCCCC),1
C1CCCN1CCN(CCC(=O)OCCCCCCOC(=O)CCN(CCCC)CCCC)(CCC(=O)OCCCCCCOC(=O)CCN(CCCC)CCCC),0
C1CCCN1CCN(CCC(=O)OCCCCCCOC(=O)CCN(CCCCCC)CCCCCC)(CCC(=O)OCCCCCCOC(=O)CCN(CCCCCC)CCCCCC),1
C1CCCN1CCN(CCC(=O)OCCCCCCOC(=O)CCN(CCCCCCCC)CCCCCCCC)(CCC(=O)OCCCCCCOC(=O)CCN(CCCCCCCC)CCCCCCCC),2
C1CCCN1CCN(CCC(=O)OCCCCCCOC(=O)CCN(CCCCCCCCCC)CCCCCCCCCC)(CCC(=O)OCCCCCCOC(=O)CCN(CCCCCCCCCC)CCCCCCCCCC),4
C1=NC=CN1CCCN(CCC(=O)OCCCCCCOC(=O)CCN(C)CCCCCCCC)(CCC(=O)OCCCCCCOC(=O)CCN(C)CCCCCCCC),0
C1=NC=CN1CCCN(CCC(=O)OCCCCCCOC(=O)CCN(C)CCCCCCCCCCCC)(CCC(=O)OCCCCCCOC(=O)CCN(C)CCCCCCCCCCCC),1
C1=NC=CN1CCCN(CCC(=O)OCCCCCCOC(=O)CCN(C)CCCCCCCCCCCCCCCCCC)(CCC(=O)OCCCCCCOC(=O)CCN(C)CCCCCCCCCCCCCCCCCC),0
C1=NC=CN1CCCN(CCC(=O)OCCCCCCOC(=O)CCN(CCCC)CCCC)(CCC(=O)OCCCCCCOC(=O)CCN(CCCC)CCCC),0
C1=NC=CN1CCCN(CCC(=O)OCCCCCCOC(=O)CCN(CCCCCC)CCCCCC)(CCC(=O)OCCCCCCOC(=O)CCN(CCCCCC)CCCCCC),0
C1=NC=CN1CCCN(CCC(=O)OCCCCCCOC(=O)CCN(CCCCCCCC)CCCCCCCC)(CCC(=O)OCCCCCCOC(=O)CCN(CCCCCCCC)CCCCCCCC),1
C1=NC=CN1CCCN(CCC(=O)OCCCCCCOC(=O)CCN(CCCCCCCCCC)CCCCCCCCCC)(CCC(=O)OCCCCCCOC(=O)CCN(CCCCCCCCCC)CCCCCCCCCC),1
CN1CCCC1CCN(CCC(=O)OCCCCCCOC(=O)CCN(C)CCCCCCCC)(CCC(=O)OCCCCCCOC(=O)CCN(C)CCCCCCCC),1
CN1CCCC1CCN(CCC(=O)OCCCCCCOC(=O)CCN(C)CCCCCCCCCCCC)(CCC(=O)OCCCCCCOC(=O)CCN(C)CCCCCCCCCCCC),2
CN1CCCC1CCN(CCC(=O)OCCCCCCOC(=O)CCN(C)CCCCCCCCCCCCCCCCCC)(CCC(=O)OCCCCCCOC(=O)CCN(C)CCCCCCCCCCCCCCCCCC),0
CN1CCCC1CCN(CCC(=O)OCCCCCCOC(=O)CCN(CCCC)CCCC)(CCC(=O)OCCCCCCOC(=O)CCN(CCCC)CCCC),0
CN1CCCC1CCN(CCC(=O)OCCCCCCOC(=O)CCN(CCCCCC)CCCCCC)(CCC(=O)OCCCCCCOC(=O)CCN(CCCCCC)CCCCCC),1
CN1CCCC1CCN(CCC(=O)OCCCCCCOC(=O)CCN(CCCCCCCC)CCCCCCCC)(CCC(=O)OCCCCCCOC(=O)CCN(CCCCCCCC)CCCCCCCC),5
CN1CCCC1CCN(CCC(=O)OCCCCCCOC(=O)CCN(CCCCCCCCCC)CCCCCCCCCC)(CCC(=O)OCCCCCCOC(=O)CCN(CCCCCCCCCC)CCCCCCCCCC),1
C1COCCN1CCN(CCC(=O)OCCCCCCOC(=O)CCN(C)CCCCCCCC)(CCC(=O)OCCCCCCOC(=O)CCN(C)CCCCCCCC),0
C1COCCN1CCN(CCC(=O)OCCCCCCOC(=O)CCN(C)CCCCCCCCCCCC)(CCC(=O)OCCCCCCOC(=O)CCN(C)CCCCCCCCCCCC),1
C1COCCN1CCN(CCC(=O)OCCCCCCOC(=O)CCN(C)CCCCCCCCCCCCCCCCCC)(CCC(=O)OCCCCCCOC(=O)CCN(C)CCCCCCCCCCCCCCCCCC),0
C1COCCN1CCN(CCC(=O)OCCCCCCOC(=O)CCN(CCCC)CCCC)(CCC(=O)OCCCCCCOC(=O)CCN(CCCC)CCCC),0
C1COCCN1CCN(CCC(=O)OCCCCCCOC(=O)CCN(CCCCCC)CCCCCC)(CCC(=O)OCCCCCCOC(=O)CCN(CCCCCC)CCCCCC),1
C1COCCN1CCN(CCC(=O)OCCCCCCOC(=O)CCN(CCCCCCCC)CCCCCCCC)(CCC(=O)OCCCCCCOC(=O)CCN(CCCCCCCC)CCCCCCCC),2
C1COCCN1CCN(CCC(=O)OCCCCCCOC(=O)CCN(CCCCCCCCCC)CCCCCCCCCC)(CCC(=O)OCCCCCCOC(=O)CCN(CCCCCCCCCC)CCCCCCCCCC),1
C1CN(CCC(=O)OCCCCCCOC(=O)CCN(C)CCCCCCCC)CCN1CCN(CCC(=O)OCCCCCCOC(=O)CCN(C)CCCCCCCC)(CCC(=O)OCCCCCCOC(=O)CCN(C)CCCCCCCC),1
C1CN(CCC(=O)OCCCCCCOC(=O)CCN(C)CCCCCCCCCCCC)CCN1CCN(CCC(=O)OCCCCCCOC(=O)CCN(C)CCCCCCCCCCCC)(CCC(=O)OCCCCCCOC(=O)CCN(C)CCCCCCCCCCCC),3
C1CN(CCC(=O)OCCCCCCOC(=O)CCN(C)CCCCCCCCCCCCCCCCCC)CCN1CCN(CCC(=O)OCCCCCCOC(=O)CCN(C)CCCCCCCCCCCCCCCCCC)(CCC(=O)OCCCCCCOC(=O)CCN(C)CCCCCCCCCCCCCCCCCC),0
C1CN(CCC(=O)OCCCCCCOC(=O)CCN(CCCC)CCCC)CCN1CCN(CCC(=O)OCCCCCCOC(=O)CCN(CCCC)CCCC)(CCC(=O)OCCCCCCOC(=O)CCN(CCCC)CCCC),0
C1CN(CCC(=O)OCCCCCCOC(=O)CCN(CCCCCC)CCCCCC)CCN1CCN(CCC(=O)OCCCCCCOC(=O)CCN(CCCCCC)CCCCCC)(CCC(=O)OCCCCCCOC(=O)CCN(CCCCCC)CCCCCC),2
C1CN(CCC(=O)OCCCCCCOC(=O)CCN(CCCCCCCC)CCCCCCCC)CCN1CCN(CCC(=O)OCCCCCCOC(=O)CCN(CCCCCCCC)CCCCCCCC)(CCC(=O)OCCCCCCOC(=O)CCN(CCCCCCCC)CCCCCCCC),3
C1CN(CCC(=O)OCCCCCCOC(=O)CCN(CCCCCCCCCC)CCCCCCCCCC)CCN1CCN(CCC(=O)OCCCCCCOC(=O)CCN(CCCCCCCCCC)CCCCCCCCCC)(CCC(=O)OCCCCCCOC(=O)CCN(CCCCCCCCCC)CCCCCCCCCC),1
CN(C)CCCN(CCC(=O)OCCCCCCOC(=O)CCN(C)CCCCCCCC)CCCN(CCC(=O)OCCCCCCOC(=O)CCN(C)CCCCCCCC)(CCC(=O)OCCCCCCOC(=O)CCN(C)CCCCCCCC),4
CN(C)CCCN(CCC(=O)OCCCCCCOC(=O)CCN(C)CCCCCCCCCCCC)CCCN(CCC(=O)OCCCCCCOC(=O)CCN(C)CCCCCCCCCCCC)(CCC(=O)OCCCCCCOC(=O)CCN(C)CCCCCCCCCCCC),1
CN(C)CCCN(CCC(=O)OCCCCCCOC(=O)CCN(C)CCCCCCCCCCCCCCCCCC)CCCN(CCC(=O)OCCCCCCOC(=O)CCN(C)CCCCCCCCCCCCCCCCCC)(CCC(=O)OCCCCCCOC(=O)CCN(C)CCCCCCCCCCCCCCCCCC),1
CN(C)CCCN(CCC(=O)OCCCCCCOC(=O)CCN(CCCC)CCCC)CCCN(CCC(=O)OCCCCCCOC(=O)CCN(CCCC)CCCC)(CCC(=O)OCCCCCCOC(=O)CCN(CCCC)CCCC),0
CN(C)CCCN(CCC(=O)OCCCCCCOC(=O)CCN(CCCCCC)CCCCCC)CCCN(CCC(=O)OCCCCCCOC(=O)CCN(CCCCCC)CCCCCC)(CCC(=O)OCCCCCCOC(=O)CCN(CCCCCC)CCCCCC),1
CN(C)CCCN(CCC(=O)OCCCCCCOC(=O)CCN(CCCCCCCC)CCCCCCCC)CCCN(CCC(=O)OCCCCCCOC(=O)CCN(CCCCCCCC)CCCCCCCC)(CCC(=O)OCCCCCCOC(=O)CCN(CCCCCCCC)CCCCCCCC),1
CN(C)CCCN(CCC(=O)OCCCCCCOC(=O)CCN(CCCCCCCCCC)CCCCCCCCCC)CCCN(CCC(=O)OCCCCCCOC(=O)CCN(CCCCCCCCCC)CCCCCCCCCC)(CCC(=O)OCCCCCCOC(=O)CCN(CCCCCCCCCC)CCCCCCCCCC),1
N(CCC(=O)OCCCCCCOC(=O)CCN(C)CCCCCCCC)(CCC(=O)OCCCCCCOC(=O)CCN(C)CCCCCCCC)CCCN(CCC(=O)OCCCCCCOC(=O)CCN(C)CCCCCCCC)(CCC(=O)OCCCCCCOC(=O)CCN(C)CCCCCCCC),1
N(CCC(=O)OCCCCCCOC(=O)CCN(C)CCCCCCCCCCCC)(CCC(=O)OCCCCCCOC(=O)CCN(C)CCCCCCCCCCCC)CCCN(CCC(=O)OCCCCCCOC(=O)CCN(C)CCCCCCCCCCCC)(CCC(=O)OCCCCCCOC(=O)CCN(C)CCCCCCCCCCCC),4
N(CCC(=O)OCCCCCCOC(=O)CCN(C)CCCCCCCCCCCCCCCCCC)(CCC(=O)OCCCCCCOC(=O)CCN(C)CCCCCCCCCCCCCCCCCC)CCCN(CCC(=O)OCCCCCCOC(=O)CCN(C)CCCCCCCCCCCCCCCCCC)(CCC(=O)OCCCCCCOC(=O)CCN(C)CCCCCCCCCCCCCCCCCC),0
N(CCC(=O)OCCCCCCOC(=O)CCN(CCCC)CCCC)(CCC(=O)OCCCCCCOC(=O)CCN(CCCC)CCCC)CCCN(CCC(=O)OCCCCCCOC(=O)CCN(CCCC)CCCC)(CCC(=O)OCCCCCCOC(=O)CCN(CCCC)CCCC),0
N(CCC(=O)OCCCCCCOC(=O)CCN(CCCCCC)CCCCCC)(CCC(=O)OCCCCCCOC(=O)CCN(CCCCCC)CCCCCC)CCCN(CCC(=O)OCCCCCCOC(=O)CCN(CCCCCC)CCCCCC)(CCC(=O)OCCCCCCOC(=O)CCN(CCCCCC)CCCCCC),1
N(CCC(=O)OCCCCCCOC(=O)CCN(CCCCCCCC)CCCCCCCC)(CCC(=O)OCCCCCCOC(=O)CCN(CCCCCCCC)CCCCCCCC)CCCN(CCC(=O)OCCCCCCOC(=O)CCN(CCCCCCCC)CCCCCCCC)(CCC(=O)OCCCCCCOC(=O)CCN(CCCCCCCC)CCCCCCCC),1
N(CCC(=O)OCCCCCCOC(=O)CCN(CCCCCCCCCC)CCCCCCCCCC)(CCC(=O)OCCCCCCOC(=O)CCN(CCCCCCCCCC)CCCCCCCCCC)CCCN(CCC(=O)OCCCCCCOC(=O)CCN(CCCCCCCCCC)CCCCCCCCCC)(CCC(=O)OCCCCCCOC(=O)CCN(CCCCCCCCCC)CCCCCCCCCC),1
N(CCC(=O)OCCCCCCOC(=O)CCN(C)CCCCCCCC)(CCC(=O)OCCCCCCOC(=O)CCN(C)CCCCCCCC)CCCN(C)CCCN(CCC(=O)OCCCCCCOC(=O)CCN(C)CCCCCCCC)(CCC(=O)OCCCCCCOC(=O)CCN(C)CCCCCCCC),0
N(CCC(=O)OCCCCCCOC(=O)CCN(C)CCCCCCCCCCCC)(CCC(=O)OCCCCCCOC(=O)CCN(C)CCCCCCCCCCCC)CCCN(C)CCCN(CCC(=O)OCCCCCCOC(=O)CCN(C)CCCCCCCCCCCC)(CCC(=O)OCCCCCCOC(=O)CCN(C)CCCCCCCCCCCC),5
N(CCC(=O)OCCCCCCOC(=O)CCN(C)CCCCCCCCCCCCCCCCCC)(CCC(=O)OCCCCCCOC(=O)CCN(C)CCCCCCCCCCCCCCCCCC)CCCN(C)CCCN(CCC(=O)OCCCCCCOC(=O)CCN(C)CCCCCCCCCCCCCCCCCC)(CCC(=O)OCCCCCCOC(=O)CCN(C)CCCCCCCCCCCCCCCCCC),0
N(CCC(=O)OCCCCCCOC(=O)CCN(CCCC)CCCC)(CCC(=O)OCCCCCCOC(=O)CCN(CCCC)CCCC)CCCN(C)CCCN(CCC(=O)OCCCCCCOC(=O)CCN(CCCC)CCCC)(CCC(=O)OCCCCCCOC(=O)CCN(CCCC)CCCC),0
N(CCC(=O)OCCCCCCOC(=O)CCN(CCCCCC)CCCCCC)(CCC(=O)OCCCCCCOC(=O)CCN(CCCCCC)CCCCCC)CCCN(C)CCCN(CCC(=O)OCCCCCCOC(=O)CCN(CCCCCC)CCCCCC)(CCC(=O)OCCCCCCOC(=O)CCN(CCCCCC)CCCCCC),1
N(CCC(=O)OCCCCCCOC(=O)CCN(CCCCCCCC)CCCCCCCC)(CCC(=O)OCCCCCCOC(=O)CCN(CCCCCCCC)CCCCCCCC)CCCN(C)CCCN(CCC(=O)OCCCCCCOC(=O)CCN(CCCCCCCC)CCCCCCCC)(CCC(=O)OCCCCCCOC(=O)CCN(CCCCCCCC)CCCCCCCC),5
N(CCC(=O)OCCCCCCOC(=O)CCN(CCCCCCCCCC)CCCCCCCCCC)(CCC(=O)OCCCCCCOC(=O)CCN(CCCCCCCCCC)CCCCCCCCCC)CCCN(C)CCCN(CCC(=O)OCCCCCCOC(=O)CCN(CCCCCCCCCC)CCCCCCCCCC)(CCC(=O)OCCCCCCOC(=O)CCN(CCCCCCCCCC)CCCCCCCCCC),1
N(CCC(=O)OCCCCCCOC(=O)CCN(C)CCCCCCCC)(CCC(=O)OCCCCCCOC(=O)CCN(C)CCCCCCCC)CCOCCOCCN(CCC(=O)OCCCCCCOC(=O)CCN(C)CCCCCCCC)(CCC(=O)OCCCCCCOC(=O)CCN(C)CCCCCCCC),1
N(CCC(=O)OCCCCCCOC(=O)CCN(C)CCCCCCCCCCCC)(CCC(=O)OCCCCCCOC(=O)CCN(C)CCCCCCCCCCCC)CCOCCOCCN(CCC(=O)OCCCCCCOC(=O)CCN(C)CCCCCCCCCCCC)(CCC(=O)OCCCCCCOC(=O)CCN(C)CCCCCCCCCCCC),1
N(CCC(=O)OCCCCCCOC(=O)CCN(C)CCCCCCCCCCCCCCCCCC)(CCC(=O)OCCCCCCOC(=O)CCN(C)CCCCCCCCCCCCCCCCCC)CCOCCOCCN(CCC(=O)OCCCCCCOC(=O)CCN(C)CCCCCCCCCCCCCCCCCC)(CCC(=O)OCCCCCCOC(=O)CCN(C)CCCCCCCCCCCCCCCCCC),1
N(CCC(=O)OCCCCCCOC(=O)CCN(CCCC)CCCC)(CCC(=O)OCCCCCCOC(=O)CCN(CCCC)CCCC)CCOCCOCCN(CCC(=O)OCCCCCCOC(=O)CCN(CCCC)CCCC)(CCC(=O)OCCCCCCOC(=O)CCN(CCCC)CCCC),0
N(CCC(=O)OCCCCCCOC(=O)CCN(CCCCCC)CCCCCC)(CCC(=O)OCCCCCCOC(=O)CCN(CCCCCC)CCCCCC)CCOCCOCCN(CCC(=O)OCCCCCCOC(=O)CCN(CCCCCC)CCCCCC)(CCC(=O)OCCCCCCOC(=O)CCN(CCCCCC)CCCCCC),5
N(CCC(=O)OCCCCCCOC(=O)CCN(CCCCCCCC)CCCCCCCC)(CCC(=O)OCCCCCCOC(=O)CCN(CCCCCCCC)CCCCCCCC)CCOCCOCCN(CCC(=O)OCCCCCCOC(=O)CCN(CCCCCCCC)CCCCCCCC)(CCC(=O)OCCCCCCOC(=O)CCN(CCCCCCCC)CCCCCCCC),4
N(CCC(=O)OCCCCCCOC(=O)CCN(CCCCCCCCCC)CCCCCCCCCC)(CCC(=O)OCCCCCCOC(=O)CCN(CCCCCCCCCC)CCCCCCCCCC)CCOCCOCCN(CCC(=O)OCCCCCCOC(=O)CCN(CCCCCCCCCC)CCCCCCCCCC)(CCC(=O)OCCCCCCOC(=O)CCN(CCCCCCCCCC)CCCCCCCCCC),2
N(CCC(=O)OCCCCCCOC(=O)CCN(C)CCCCCCCC)(CCC(=O)OCCCCCCOC(=O)CCN(C)CCCCCCCC)CCCN1CCN(CCCN(CCC(=O)OCCCCCCOC(=O)CCN(C)CCCCCCCC)(CCC(=O)OCCCCCCOC(=O)CCN(C)CCCCCCCC))CC1,0
N(CCC(=O)OCCCCCCOC(=O)CCN(C)CCCCCCCCCCCC)(CCC(=O)OCCCCCCOC(=O)CCN(C)CCCCCCCCCCCC)CCCN1CCN(CCCN(CCC(=O)OCCCCCCOC(=O)CCN(C)CCCCCCCCCCCC)(CCC(=O)OCCCCCCOC(=O)CCN(C)CCCCCCCCCCCC))CC1,2
N(CCC(=O)OCCCCCCOC(=O)CCN(C)CCCCCCCCCCCCCCCCCC)(CCC(=O)OCCCCCCOC(=O)CCN(C)CCCCCCCCCCCCCCCCCC)CCCN1CCN(CCCN(CCC(=O)OCCCCCCOC(=O)CCN(C)CCCCCCCCCCCCCCCCCC)(CCC(=O)OCCCCCCOC(=O)CCN(C)CCCCCCCCCCCCCCCCCC))CC1,1
N(CCC(=O)OCCCCCCOC(=O)CCN(CCCC)CCCC)(CCC(=O)OCCCCCCOC(=O)CCN(CCCC)CCCC)CCCN1CCN(CCCN(CCC(=O)OCCCCCCOC(=O)CCN(CCCC)CCCC)(CCC(=O)OCCCCCCOC(=O)CCN(CCCC)CCCC))CC1,0
N(CCC(=O)OCCCCCCOC(=O)CCN(CCCCCC)CCCCCC)(CCC(=O)OCCCCCCOC(=O)CCN(CCCCCC)CCCCCC)CCCN1CCN(CCCN(CCC(=O)OCCCCCCOC(=O)CCN(CCCCCC)CCCCCC)(CCC(=O)OCCCCCCOC(=O)CCN(CCCCCC)CCCCCC))CC1,3
N(CCC(=O)OCCCCCCOC(=O)CCN(CCCCCCCC)CCCCCCCC)(CCC(=O)OCCCCCCOC(=O)CCN(CCCCCCCC)CCCCCCCC)CCCN1CCN(CCCN(CCC(=O)OCCCCCCOC(=O)CCN(CCCCCCCC)CCCCCCCC)(CCC(=O)OCCCCCCOC(=O)CCN(CCCCCCCC)CCCCCCCC))CC1,5
N(CCC(=O)OCCCCCCOC(=O)CCN(CCCCCCCCCC)CCCCCCCCCC)(CCC(=O)OCCCCCCOC(=O)CCN(CCCCCCCCCC)CCCCCCCCCC)CCCN1CCN(CCCN(CCC(=O)OCCCCCCOC(=O)CCN(CCCCCCCCCC)CCCCCCCCCC)(CCC(=O)OCCCCCCOC(=O)CCN(CCCCCCCCCC)CCCCCCCCCC))CC1,1
N(CCC(=O)OCCCCCCOC(=O)CCN(C)CCCCCCCC)(CCC(=O)OCCCCCCOC(=O)CCN(C)CCCCCCCC)CCCN(CCC(=O)OCCCCCCOC(=O)CCN(C)CCCCCCCC)CCCN(CCC(=O)OCCCCCCOC(=O)CCN(C)CCCCCCCC)(CCC(=O)OCCCCCCOC(=O)CCN(C)CCCCCCCC),1
N(CCC(=O)OCCCCCCOC(=O)CCN(C)CCCCCCCCCCCC)(CCC(=O)OCCCCCCOC(=O)CCN(C)CCCCCCCCCCCC)CCCN(CCC(=O)OCCCCCCOC(=O)CCN(C)CCCCCCCCCCCC)CCCN(CCC(=O)OCCCCCCOC(=O)CCN(C)CCCCCCCCCCCC)(CCC(=O)OCCCCCCOC(=O)CCN(C)CCCCCCCCCCCC),1
N(CCC(=O)OCCCCCCOC(=O)CCN(C)CCCCCCCCCCCCCCCCCC)(CCC(=O)OCCCCCCOC(=O)CCN(C)CCCCCCCCCCCCCCCCCC)CCCN(CCC(=O)OCCCCCCOC(=O)CCN(C)CCCCCCCCCCCCCCCCCC)CCCN(CCC(=O)OCCCCCCOC(=O)CCN(C)CCCCCCCCCCCCCCCCCC)(CCC(=O)OCCCCCCOC(=O)CCN(C)CCCCCCCCCCCCCCCCCC),2
N(CCC(=O)OCCCCCCOC(=O)CCN(CCCC)CCCC)(CCC(=O)OCCCCCCOC(=O)CCN(CCCC)CCCC)CCCN(CCC(=O)OCCCCCCOC(=O)CCN(CCCC)CCCC)CCCN(CCC(=O)OCCCCCCOC(=O)CCN(CCCC)CCCC)(CCC(=O)OCCCCCCOC(=O)CCN(CCCC)CCCC),0
N(CCC(=O)OCCCCCCOC(=O)CCN(CCCCCC)CCCCCC)(CCC(=O)OCCCCCCOC(=O)CCN(CCCCCC)CCCCCC)CCCN(CCC(=O)OCCCCCCOC(=O)CCN(CCCCCC)CCCCCC)CCCN(CCC(=O)OCCCCCCOC(=O)CCN(CCCCCC)CCCCCC)(CCC(=O)OCCCCCCOC(=O)CCN(CCCCCC)CCCCCC),0
N(CCC(=O)OCCCCCCOC(=O)CCN(CCCCCCCC)CCCCCCCC)(CCC(=O)OCCCCCCOC(=O)CCN(CCCCCCCC)CCCCCCCC)CCCN(CCC(=O)OCCCCCCOC(=O)CCN(CCCCCCCC)CCCCCCCC)CCCN(CCC(=O)OCCCCCCOC(=O)CCN(CCCCCCCC)CCCCCCCC)(CCC(=O)OCCCCCCOC(=O)CCN(CCCCCCCC)CCCCCCCC),0
N(CCC(=O)OCCCCCCOC(=O)CCN(CCCCCCCCCC)CCCCCCCCCC)(CCC(=O)OCCCCCCOC(=O)CCN(CCCCCCCCCC)CCCCCCCCCC)CCCN(CCC(=O)OCCCCCCOC(=O)CCN(CCCCCCCCCC)CCCCCCCCCC)CCCN(CCC(=O)OCCCCCCOC(=O)CCN(CCCCCCCCCC)CCCCCCCCCC)(CCC(=O)OCCCCCCOC(=O)CCN(CCCCCCCCCC)CCCCCCCCCC),0
N(CCC(=O)OCCCCCCOC(=O)CCN(C)CCCCCCCC)(CCC(=O)OCCCCCCOC(=O)CCN(C)CCCCCCCC)CCN(CCN(CCC(=O)OCCCCCCOC(=O)CCN(C)CCCCCCCC)(CCC(=O)OCCCCCCOC(=O)CCN(C)CCCCCCCC))CCN(CCC(=O)OCCCCCCOC(=O)CCN(C)CCCCCCCC)(CCC(=O)OCCCCCCOC(=O)CCN(C)CCCCCCCC),1
N(CCC(=O)OCCCCCCOC(=O)CCN(C)CCCCCCCCCCCC)(CCC(=O)OCCCCCCOC(=O)CCN(C)CCCCCCCCCCCC)CCN(CCN(CCC(=O)OCCCCCCOC(=O)CCN(C)CCCCCCCCCCCC)(CCC(=O)OCCCCCCOC(=O)CCN(C)CCCCCCCCCCCC))CCN(CCC(=O)OCCCCCCOC(=O)CCN(C)CCCCCCCCCCCC)(CCC(=O)OCCCCCCOC(=O)CCN(C)CCCCCCCCCCCC),1
N(CCC(=O)OCCCCCCOC(=O)CCN(C)CCCCCCCCCCCCCCCCCC)(CCC(=O)OCCCCCCOC(=O)CCN(C)CCCCCCCCCCCCCCCCCC)CCN(CCN(CCC(=O)OCCCCCCOC(=O)CCN(C)CCCCCCCCCCCCCCCCCC)(CCC(=O)OCCCCCCOC(=O)CCN(C)CCCCCCCCCCCCCCCCCC))CCN(CCC(=O)OCCCCCCOC(=O)CCN(C)CCCCCCCCCCCCCCCCCC)(CCC(=O)OCCCCCCOC(=O)CCN(C)CCCCCCCCCCCCCCCCCC),0
N(CCC(=O)OCCCCCCOC(=O)CCN(CCCC)CCCC)(CCC(=O)OCCCCCCOC(=O)CCN(CCCC)CCCC)CCN(CCN(CCC(=O)OCCCCCCOC(=O)CCN(CCCC)CCCC)(CCC(=O)OCCCCCCOC(=O)CCN(CCCC)CCCC))CCN(CCC(=O)OCCCCCCOC(=O)CCN(CCCC)CCCC)(CCC(=O)OCCCCCCOC(=O)CCN(CCCC)CCCC),0
N(CCC(=O)OCCCCCCOC(=O)CCN(CCCCCC)CCCCCC)(CCC(=O)OCCCCCCOC(=O)CCN(CCCCCC)CCCCCC)CCN(CCN(CCC(=O)OCCCCCCOC(=O)CCN(CCCCCC)CCCCCC)(CCC(=O)OCCCCCCOC(=O)CCN(CCCCCC)CCCCCC))CCN(CCC(=O)OCCCCCCOC(=O)CCN(CCCCCC)CCCCCC)(CCC(=O)OCCCCCCOC(=O)CCN(CCCCCC)CCCCCC),0
N(CCC(=O)OCCCCCCOC(=O)CCN(CCCCCCCC)CCCCCCCC)(CCC(=O)OCCCCCCOC(=O)CCN(CCCCCCCC)CCCCCCCC)CCN(CCN(CCC(=O)OCCCCCCOC(=O)CCN(CCCCCCCC)CCCCCCCC)(CCC(=O)OCCCCCCOC(=O)CCN(CCCCCCCC)CCCCCCCC))CCN(CCC(=O)OCCCCCCOC(=O)CCN(CCCCCCCC)CCCCCCCC)(CCC(=O)OCCCCCCOC(=O)CCN(CCCCCCCC)CCCCCCCC),0
N(CCC(=O)OCCCCCCOC(=O)CCN(CCCCCCCCCC)CCCCCCCCCC)(CCC(=O)OCCCCCCOC(=O)CCN(CCCCCCCCCC)CCCCCCCCCC)CCN(CCN(CCC(=O)OCCCCCCOC(=O)CCN(CCCCCCCCCC)CCCCCCCCCC)(CCC(=O)OCCCCCCOC(=O)CCN(CCCCCCCCCC)CCCCCCCCCC))CCN(CCC(=O)OCCCCCCOC(=O)CCN(CCCCCCCCCC)CCCCCCCCCC)(CCC(=O)OCCCCCCOC(=O)CCN(CCCCCCCCCC)CCCCCCCCCC),0
N(CCC(=O)OCCCCCCOC(=O)CCN(C)CCCCCCCC)(CCC(=O)OCCCCCCOC(=O)CCN(C)CCCCCCCC)CCCN(CCC(=O)OCCCCCCOC(=O)CCN(C)CCCCCCCC)CCCN(CCC(=O)OCCCCCCOC(=O)CCN(C)CCCCCCCC)CCCN(CCC(=O)OCCCCCCOC(=O)CCN(C)CCCCCCCC)(CCC(=O)OCCCCCCOC(=O)CCN(C)CCCCCCCC),1
N(CCC(=O)OCCCCCCOC(=O)CCN(C)CCCCCCCCCCCC)(CCC(=O)OCCCCCCOC(=O)CCN(C)CCCCCCCCCCCC)CCCN(CCC(=O)OCCCCCCOC(=O)CCN(C)CCCCCCCCCCCC)CCCN(CCC(=O)OCCCCCCOC(=O)CCN(C)CCCCCCCCCCCC)CCCN(CCC(=O)OCCCCCCOC(=O)CCN(C)CCCCCCCCCCCC)(CCC(=O)OCCCCCCOC(=O)CCN(C)CCCCCCCCCCCC),1
N(CCC(=O)OCCCCCCOC(=O)CCN(C)CCCCCCCCCCCCCCCCCC)(CCC(=O)OCCCCCCOC(=O)CCN(C)CCCCCCCCCCCCCCCCCC)CCCN(CCC(=O)OCCCCCCOC(=O)CCN(C)CCCCCCCCCCCCCCCCCC)CCCN(CCC(=O)OCCCCCCOC(=O)CCN(C)CCCCCCCCCCCCCCCCCC)CCCN(CCC(=O)OCCCCCCOC(=O)CCN(C)CCCCCCCCCCCCCCCCCC)(CCC(=O)OCCCCCCOC(=O)CCN(C)CCCCCCCCCCCCCCCCCC),0
N(CCC(=O)OCCCCCCOC(=O)CCN(CCCC)CCCC)(CCC(=O)OCCCCCCOC(=O)CCN(CCCC)CCCC)CCCN(CCC(=O)OCCCCCCOC(=O)CCN(CCCC)CCCC)CCCN(CCC(=O)OCCCCCCOC(=O)CCN(CCCC)CCCC)CCCN(CCC(=O)OCCCCCCOC(=O)CCN(CCCC)CCCC)(CCC(=O)OCCCCCCOC(=O)CCN(CCCC)CCCC),0
N(CCC(=O)OCCCCCCOC(=O)CCN(CCCCCC)CCCCCC)(CCC(=O)OCCCCCCOC(=O)CCN(CCCCCC)CCCCCC)CCCN(CCC(=O)OCCCCCCOC(=O)CCN(CCCCCC)CCCCCC)CCCN(CCC(=O)OCCCCCCOC(=O)CCN(CCCCCC)CCCCCC)CCCN(CCC(=O)OCCCCCCOC(=O)CCN(CCCCCC)CCCCCC)(CCC(=O)OCCCCCCOC(=O)CCN(CCCCCC)CCCCCC),0
N(CCC(=O)OCCCCCCOC(=O)CCN(CCCCCCCC)CCCCCCCC)(CCC(=O)OCCCCCCOC(=O)CCN(CCCCCCCC)CCCCCCCC)CCCN(CCC(=O)OCCCCCCOC(=O)CCN(CCCCCCCC)CCCCCCCC)CCCN(CCC(=O)OCCCCCCOC(=O)CCN(CCCCCCCC)CCCCCCCC)CCCN(CCC(=O)OCCCCCCOC(=O)CCN(CCCCCCCC)CCCCCCCC)(CCC(=O)OCCCCCCOC(=O)CCN(CCCCCCCC)CCCCCCCC),0
N(CCC(=O)OCCCCCCOC(=O)CCN(CCCCCCCCCC)CCCCCCCCCC)(CCC(=O)OCCCCCCOC(=O)CCN(CCCCCCCCCC)CCCCCCCCCC)CCCN(CCC(=O)OCCCCCCOC(=O)CCN(CCCCCCCCCC)CCCCCCCCCC)CCCN(CCC(=O)OCCCCCCOC(=O)CCN(CCCCCCCCCC)CCCCCCCCCC)CCCN(CCC(=O)OCCCCCCOC(=O)CCN(CCCCCCCCCC)CCCCCCCCCC)(CCC(=O)OCCCCCCOC(=O)CCN(CCCCCCCCCC)CCCCCCCCCC),0
N(CCC(=O)OCCCCCCOC(=O)CCN(C)CCCCCCCC)(CCC(=O)OCCCCCCOC(=O)CCN(C)CCCCCCCC)CCN(CCC(=O)OCCCCCCOC(=O)CCN(C)CCCCCCCC)CCN(CCC(=O)OCCCCCCOC(=O)CCN(C)CCCCCCCC)CCN(CCC(=O)OCCCCCCOC(=O)CCN(C)CCCCCCCC)CCN(CCC(=O)OCCCCCCOC(=O)CCN(C)CCCCCCCC)(CCC(=O)OCCCCCCOC(=O)CCN(C)CCCCCCCC),1
N(CCC(=O)OCCCCCCOC(=O)CCN(C)CCCCCCCCCCCC)(CCC(=O)OCCCCCCOC(=O)CCN(C)CCCCCCCCCCCC)CCN(CCC(=O)OCCCCCCOC(=O)CCN(C)CCCCCCCCCCCC)CCN(CCC(=O)OCCCCCCOC(=O)CCN(C)CCCCCCCCCCCC)CCN(CCC(=O)OCCCCCCOC(=O)CCN(C)CCCCCCCCCCCC)CCN(CCC(=O)OCCCCCCOC(=O)CCN(C)CCCCCCCCCCCC)(CCC(=O)OCCCCCCOC(=O)CCN(C)CCCCCCCCCCCC),1
N(CCC(=O)OCCCCCCOC(=O)CCN(C)CCCCCCCCCCCCCCCCCC)(CCC(=O)OCCCCCCOC(=O)CCN(C)CCCCCCCCCCCCCCCCCC)CCN(CCC(=O)OCCCCCCOC(=O)CCN(C)CCCCCCCCCCCCCCCCCC)CCN(CCC(=O)OCCCCCCOC(=O)CCN(C)CCCCCCCCCCCCCCCCCC)CCN(CCC(=O)OCCCCCCOC(=O)CCN(C)CCCCCCCCCCCCCCCCCC)CCN(CCC(=O)OCCCCCCOC(=O)CCN(C)CCCCCCCCCCCCCCCCCC)(CCC(=O)OCCCCCCOC(=O)CCN(C)CCCCCCCCCCCCCCCCCC),0
N(CCC(=O)OCCCCCCOC(=O)CCN(CCCC)CCCC)(CCC(=O)OCCCCCCOC(=O)CCN(CCCC)CCCC)CCN(CCC(=O)OCCCCCCOC(=O)CCN(CCCC)CCCC)CCN(CCC(=O)OCCCCCCOC(=O)CCN(CCCC)CCCC)CCN(CCC(=O)OCCCCCCOC(=O)CCN(CCCC)CCCC)CCN(CCC(=O)OCCCCCCOC(=O)CCN(CCCC)CCCC)(CCC(=O)OCCCCCCOC(=O)CCN(CCCC)CCCC),0
N(CCC(=O)OCCCCCCOC(=O)CCN(CCCCCC)CCCCCC)(CCC(=O)OCCCCCCOC(=O)CCN(CCCCCC)CCCCCC)CCN(CCC(=O)OCCCCCCOC(=O)CCN(CCCCCC)CCCCCC)CCN(CCC(=O)OCCCCCCOC(=O)CCN(CCCCCC)CCCCCC)CCN(CCC(=O)OCCCCCCOC(=O)CCN(CCCCCC)CCCCCC)CCN(CCC(=O)OCCCCCCOC(=O)CCN(CCCCCC)CCCCCC)(CCC(=O)OCCCCCCOC(=O)CCN(CCCCCC)CCCCCC),0
N(CCC(=O)OCCCCCCOC(=O)CCN(CCCCCCCC)CCCCCCCC)(CCC(=O)OCCCCCCOC(=O)CCN(CCCCCCCC)CCCCCCCC)CCN(CCC(=O)OCCCCCCOC(=O)CCN(CCCCCCCC)CCCCCCCC)CCN(CCC(=O)OCCCCCCOC(=O)CCN(CCCCCCCC)CCCCCCCC)CCN(CCC(=O)OCCCCCCOC(=O)CCN(CCCCCCCC)CCCCCCCC)CCN(CCC(=O)OCCCCCCOC(=O)CCN(CCCCCCCC)CCCCCCCC)(CCC(=O)OCCCCCCOC(=O)CCN(CCCCCCCC)CCCCCCCC),0
N(CCC(=O)OCCCCCCOC(=O)CCN(CCCCCCCCCC)CCCCCCCCCC)(CCC(=O)OCCCCCCOC(=O)CCN(CCCCCCCCCC)CCCCCCCCCC)CCN(CCC(=O)OCCCCCCOC(=O)CCN(CCCCCCCCCC)CCCCCCCCCC)CCN(CCC(=O)OCCCCCCOC(=O)CCN(CCCCCCCCCC)CCCCCCCCCC)CCN(CCC(=O)OCCCCCCOC(=O)CCN(CCCCCCCCCC)CCCCCCCCCC)CCN(CCC(=O)OCCCCCCOC(=O)CCN(CCCCCCCCCC)CCCCCCCCCC)(CCC(=O)OCCCCCCOC(=O)CCN(CCCCCCCCCC)CCCCCCCCCC),0